"Eplet","ElliPro.Score"
"X1C",4
"X9D",1
"X9F",1
"X9H",1
"X9S",1
"X9T",1
"X9Y",1
"X11AV",3
"X12M",4
"X14W",4
"X16S",4
"X17S",4
"X21H",4
"X24S",1
"X24T",1
"X30G",1
"X32L",1
"X35Q",2
"X41T",4
"X43R",4
"X44KM",4
"X44RM",4
"X44RMA",4
"X44RME",4
"X44RT",4
"X45EE",4
"X45KE",3
"X56E",4
"X56R",4
"X59H",4
"X62EE",4
"X62GE",3
"X62GK",3
"X62GRN",4
"X62LQ",3
"X62QE",3
"X62RN",3
"X62RR",4
"X63NI",2
"X65GK",3
"X65QIA",3
"X65QKR",3
"X65RA",4
"X65RK",4
"X65RNA",3
"X66I",2
"X66IC",2
"X66IF",2
"X66IS",2
"X66IY",2
"X66K",3
"X66KA",3
"X66KH",2
"X66N",2
"X66NH",2
"X66NM",2
"X66NV",2
"X69AA",3
"X69RA",3
"X69RT",3
"X69TNT",3
"X70IAQ",2
"X71ATD",3
"X71HS",2
"X71KA",2
"X71QS",2
"X71SA",2
"X71TD",3
"X71TN",3
"X71TTS",3
"X73AN",3
"X73AS",3
"X73ID",3
"X73TVS",4
"X74Y",2
"X76ANT",4
"X76ED",4
"X76EG",4
"X76EN",4
"X76ES",4
"X76ESI",4
"X76ESN",4
"X76ET",4
"X76VDT",4
"X76VRN",4
"X76VS",4
"X77D",3
"X77N",3
"X77NGT",4
"X77S",3
"X77SRN",4
"X79GT",4
"X80I",4
"X80K",4
"X80N",4
"X80T",4
"X80TA",4
"X80TL",4
"X80TLR",4
"X81ALR",4
"X82LR",4
"X90D",4
"X91R",4
"X94I",2
"X95F",2
"X95I",2
"X95L",2
"X95V",2
"X95W",2
"X97I",1
"X97M",1
"X97N",1
"X97R",1
"X97S",1
"X97T",1
"X97V",1
"X97W",1
"X99F",1
"X99S",1
"X99Y",1
"X102H",1
"X103L",3
"X103M",1
"X105S",4
"X107W",4
"X109F",4
"X113H",1
"X113HD",1
"X113HN",1
"X113YD",1
"X113YN",1
"X114H",1
"X114Q",1
"X114R",1
"X116D",1
"X116F",1
"X116L",1
"X116S",1
"X116Y",1
"X127K",4
"X131S",4
"X138K",4
"X138MI",4
"X143S",4
"X144K",4
"X144KR",4
"X144QL",4
"X144TKH",4
"X145HT",4
"X145KHA",4
"X145RT",4
"X147L",4
"X149AH",4
"X149TAH",4
"X150AAH",4
"X150AH",4
"X151AHA",4
"X151AHE",4
"X151AHV",4
"X151ARV",4
"X151H",4
"X152A",4
"X152E",4
"X152HA",4
"X152RA",4
"X152RE",4
"X152RR",4
"X152T",4
"X152V",4
"X152W",4
"X156DA",4
"X156L",4
"X156QA",3
"X156R",3
"X156RA",3
"X156WA",3
"X158T",4
"X161D",4
"X162DLS",4
"X162GLS",4
"X163E",3
"X163EW",3
"X163L",3
"X163LE",4
"X163LG",3
"X163LS/G",3
"X163LW",4
"X163R",4
"X163RG",4
"X163RW",4
"X163T",3
"X166DG",4
"X166ES",3
"X170RH",4
"X173K",4
"X177DK",4
"X177DT",4
"X177KT",4
"X180E",4
"X184A",3
"X184H",3
"X184R",3
"X186R",4
"X193AV",4
"X193LV",4
"X193PI",4
"X193PL",4
"X193PV",4
"X194V",4
"X199V",4
"X207S",2
"X211T",1
"X219W",4
"X245AS",4
"X245TA",3
"X245V",3
"X248M",4
"X253Q",4
"X267QE",4
"X270C",4
"X275EL",4
"X275G",4
"X275K",4
"X8L",2
"X8V",2
"X8VG",2
"X9H",2
"X9Y",2
"X9YL",2
"X11G",1
"X11L",1
"X33E",4
"X33EA",4
"X33EYA",4
"X35F",4
"X35FA",4
"X35FV",4
"X35LV",4
"X35YA",4
"X36A",4
"X36V",4
"X55A",4
"X55EAE",4
"X56A",4
"X56E",4
"X56EE",4
"X57D",4
"X57E",4
"X65I",4
"X65IE",4
"X65IK",4
"X65L",4
"X65LE",4
"X65LK",4
"X69E",4
"X69K",4
"X69R",4
"X76I",3
"X76M",3
"X76V",3
"X84DEAV",4
"X84GGPM",4
"X84VGPM",4
"X85GPM",4
"X96K",3
"X96R",3
"X178L",4
"X178M",4
"X11A",1
"X11M",1
"X28D",1
"X28E",1
"X31M",1
"X31Q",1
"X50Q",4
"X50R",4
"X66S",4
"X83A",4
"X111R",2
"X127L",4
"X127P",4
"X160F",4
"X160V",4
"X190A",4
"X190T",4
"X3P",4
"X3S",4
"X9F",2
"X9Y",2
"X13GM",1
"X23L",4
"X23R",4
"X26L",3
"X30H",3
"X37YA",4
"X37YV",4
"X45EV",4
"X45G",4
"X45GV",4
"X46VY",4
"X52LL",4
"X52PQ",4
"X55PP",4
"X55PPA",4
"X55PPD",4
"X55R",4
"X55RPD",4
"X56L",4
"X56P",4
"X56PA",4
"X56PD",4
"X56PS",4
"X57V",4
"X66D",4
"X66DR",4
"X66ER",4
"X66EV",4
"X67VG",4
"X67VT",4
"X70GT",4
"X70RT",4
"X74EL",4
"X74S",4
"X75V",4
"X77R",4
"X77T",4
"X84QL",4
"X86A",3
"X87F",4
"X87Y",3
"X116I",4
"X125G",1
"X125SQ",2
"X130Q",3
"X130R",4
"X135D",4
"X135G",4
"X167H",4
"X167R",4
"X182N",4
"X182S",4
"X185I",4
"X185T",4
"X2D",3
"X2G",3
"X25FT",1
"X25YT",1
"X40E",4
"X40ERV",4
"X40GR",4
"X47KHL",4
"X52SK",4
"X61FT",4
"X66IL",3
"X66IT",3
"X75I",4
"X75IL",4
"X75S",4
"X76L",4
"X76V",4
"X129H",4
"X129QS",4
"X130A",4
"X160A",4
"X160AD",4
"X160D",4
"X160S",4
"X175E",4
"X4Q",4
"X4R",4
"X6C",4
"X11STS",3
"X13FE",1
"X13SE",1
"X16H",2
"X16Y",2
"X25Q",3
"X25R",2
"X26F",1
"X26L",1
"X26Y",1
"X28D",2
"X28H",2
"X30C",3
"X30D",3
"X30G",3
"X30H",3
"X30RV",3
"X31F",3
"X31FH",4
"X31FY",4
"X31I",4
"X32H",4
"X32Y",4
"X32YN",4
"X33N",4
"X37F",4
"X37FL",4
"X37FV",4
"X37L",4
"X37N",4
"X37S",4
"X37Y",4
"X37YV",4
"X38A",4
"X38L",4
"X38V",4
"X40F",4
"X47F",4
"X47Y",4
"X47YR",4
"X48Q",4
"X51R",4
"X57A",4
"X57D",4
"X57DA",4
"X57DE",4
"X57S",4
"X57V",4
"X58A",4
"X58AY",4
"X60Y",4
"X67F",4
"X67I",4
"X67LQ",4
"X70D",4
"X70DA",4
"X70DR",4
"X70DRA",4
"X70Q",4
"X70QA",4
"X70QK",4
"X70QQ",4
"X70QRA",4
"X70QT",4
"X70R",4
"X70RE",4
"X71A",3
"X71E",3
"X71K",3
"X71R",3
"X73A",4
"X73G",4
"X73GQ",4
"X74A",4
"X74E",4
"X74L",4
"X74R",4
"X77N",4
"X77T",4
"X77TY",4
"X78Y",3
"X85A",4
"X85V",4
"X85VV",4
"X86G",4
"X86V",4
"X96EV",4
"X96H",4
"X96HK",4
"X96Q",4
"X96QN",4
"X96Y",4
"X98E",3
"X98ES",3
"X98K",3
"X98KN",3
"X98KS",3
"X98Q",3
"X104A",4
"X104AK",4
"X108P",4
"X108T",4
"X112H",4
"X112Y",4
"X120N",2
"X120S",2
"X133RS",4
"X140A",4
"X140AV",4
"X140TV",4
"X142M",4
"X149H",1
"X149Q",1
"X180V",4
"X180VMP",4
"X180VTP",4
"X181M",4
"X181T",4
"X189R",4
"X189S",4
"X14G",4
"X14W",4
"X24A",1
"X24AC",2
"X24AVC",1
"X26V",1
"X36C",2
"X90L",2
"X90LQ",2
"X91Q",2
"X105K",2
"X105R",2
"X114G",4
"X114R",4
"X122L",2
"X122LT",3
"X124T",4
"X125E",4
"X125K",4
"X129M",4
"X129V",4
"X142I",3
"X142V",3
"X151M",4
"X151V",4
"X173E",3
"X173EG",3
"X175G",3
"X176I",3
"X181R",3
"X181T",3
"X206GWS",4
"X213I",4
"X213T",4
"X213TT",4
"X221L",4
"X221V",4
"X251Q",4
"X251R",4
"X256S",4
"X271A",4
"X271P",4
